"DESCRIPTION","DURATION IN MS","NAME","PARENT SUITE","START TIME","STATUS","STOP TIME","SUB SUITE","SUITE","TEST CLASS","TEST METHOD"
"","881","should sort products by price low → high","🛍️ Product Inventory","2026-10-10","passed","2026-10-10","","🔃 Sorting","",""
"","1830","should add a product and verify it appears in cart","💳 Checkout Flow","2026-10-10","passed","2026-10-10","","🛒 Cart management","",""
"","1002","should continue shopping from cart and return to inventory","💳 Checkout Flow","2026-10-10","passed","2026-10-10","","🛒 Cart management","",""
"","2264","should complete checkout with all products and verify totals","💳 Checkout Flow","2026-10-10","passed","2026-10-10","","✅ Happy path — complete checkout","",""
"","877","should add two products and show correct badge count","🛍️ Product Inventory","2026-10-10","passed","2026-10-10","","🛒 Add / Remove from cart","",""
"","917","should remove a product from inventory page and clear badge","🛍️ Product Inventory","2026-10-10","passed","2026-10-10","","🛒 Add / Remove from cart","",""
"","813","should add a product to cart and show badge","🛍️ Product Inventory","2026-10-10","passed","2026-10-10","","🛒 Add / Remove from cart","",""
"","789","should show error when logging in as locked_out_user","🔐 Login & Logout","2026-10-10","passed","2026-10-10","","","",""
"","6304","should log in and log out as performance_glitch_user","🔐 Login & Logout","2026-10-10","passed","2026-10-10","","","",""
"","1003","should remove a product from the cart page","💳 Checkout Flow","2026-10-10","passed","2026-10-10","","🛒 Cart management","",""
"","1417","should show error when first name is missing","💳 Checkout Flow","2026-10-10","passed","2026-10-10","","❌ Checkout validation — negative cases","",""
"","899","should sort products by name Z → A","🛍️ Product Inventory","2026-10-10","passed","2026-10-10","","🔃 Sorting","",""
"","450","should show error when username is empty","🔐 Login & Logout","2026-10-10","passed","2026-10-10","","","",""
"","883","should sort products by price high → low","🛍️ Product Inventory","2026-10-10","passed","2026-10-10","","🔃 Sorting","",""
"","896","should sort products by name A → Z","🛍️ Product Inventory","2026-10-10","passed","2026-10-10","","🔃 Sorting","",""
"","981","should display 6 products","🛍️ Product Inventory","2026-10-10","passed","2026-10-10","","📦 Product listing","",""
"","1402","should log in and log out as standard_user","🔐 Login & Logout","2026-10-10","passed","2026-10-10","","","",""
"","740","should show error with invalid credentials","🔐 Login & Logout","2026-10-10","passed","2026-10-10","","","",""
"","1415","should show error when postal code is missing","💳 Checkout Flow","2026-10-10","passed","2026-10-10","","❌ Checkout validation — negative cases","",""
"","876","should display product name, description, price and image for each item","🛍️ Product Inventory","2026-10-10","passed","2026-10-10","","📦 Product listing","",""
"","1014","should cancel checkout and return to cart","💳 Checkout Flow","2026-10-10","passed","2026-10-10","","❌ Checkout validation — negative cases","",""
"","456","should show error when password is empty","🔐 Login & Logout","2026-10-10","passed","2026-10-10","","","",""
"","1417","should show error when last name is missing","💳 Checkout Flow","2026-10-10","passed","2026-10-10","","❌ Checkout validation — negative cases","",""
"","1213","should log in and log out as problem_user","🔐 Login & Logout","2026-10-10","passed","2026-10-10","","","",""
